Country,Date,Population,Cases,Active,Recovered,Deaths
Afghanistan,2020-01-01,39009447,18289,4888,12759,641
Afghanistan,2020-02-01,39009447,18290,4889,12759,641
Afghanistan,2020-03-01,39009447,18376,4971,12762,643
Afghanistan,2020-04-01,39009447,19375,5812,12889,673
Afghanistan,2020-05-01,39009447,25892,11698,13423,770
Afghanistan,2020-06-01,39009447,34048,15044,19825,1014
Afghanistan,2020-07-01,39009447,36421,12594,25358,1276
Albania,2020-01-01,2877470,2724,1166,1475,83
Albania,2020-02-01,2877470,2724,1166,1475,83
Albania,2020-03-01,2877470,2845,1254,1501,90
Albania,2020-04-01,2877470,3110,1310,1710,98
Albania,2020-05-01,2877470,3292,1297,1911,99
Albania,2020-06-01,2877470,3991,1673,2204,114
Albania,2020-07-01,2877470,5164,2161,2847,155
Algeria,2020-01-01,43926079,15399,4272,10518,609
Algeria,2020-02-01,43926079,15400,4272,10518,609
Algeria,2020-03-01,43926079,15757,4585,10551,631
Algeria,2020-04-01,43926079,17402,5160,11408,834
Algeria,2020-05-01,43926079,20096,5853,13392,935
Algeria,2020-06-01,43926079,22353,5821,15467,1065
Algeria,2020-07-01,43926079,29386,8329,19937,1190
Andorra,2020-01-01,77278,462,29,407,26
Andorra,2020-02-01,77278,462,29,407,26
Andorra,2020-03-01,77278,650,206,412,32
Andorra,2020-04-01,77278,835,281,641,47
Andorra,2020-05-01,77278,844,146,754,51
Andorra,2020-06-01,77278,890,61,807,52
Andorra,2020-07-01,77278,916,55,809,52
Angola,2020-01-01,32956300,608,391,190,26
Angola,2020-02-01,32956300,608,391,190,26
Angola,2020-03-01,32956300,611,394,191,27
Angola,2020-04-01,32956300,621,401,194,27
Angola,2020-05-01,32956300,651,423,199,28
Angola,2020-06-01,32956300,750,480,237,32
Angola,2020-07-01,32956300,1083,725,311,46
Antigua and Barbuda,2020-01-01,98010,44,7,35,1
Antigua and Barbuda,2020-02-01,98010,44,7,35,1
Antigua and Barbuda,2020-03-01,98010,48,11,35,1
Antigua and Barbuda,2020-04-01,98010,56,18,40,3
Antigua and Barbuda,2020-05-01,98010,57,11,44,3
Antigua and Barbuda,2020-06-01,98010,79,29,46,3
Antigua and Barbuda,2020-07-01,98010,87,29,67,3
Argentina,2020-01-01,45236884,98902,53968,43106,1827
Argentina,2020-02-01,45236884,98902,53968,43106,1827
Argentina,2020-03-01,45236884,99429,54362,43226,1841
Argentina,2020-04-01,45236884,101116,55445,43734,1936
Argentina,2020-05-01,45236884,107328,59456,45774,2097
Argentina,2020-06-01,45236884,131167,74566,54120,2481
Argentina,2020-07-01,45236884,182610,99859,79394,3357
Armenia,2020-01-01,2963811,19302,4376,14555,370
Armenia,2020-02-01,2963811,19302,4376,14555,370
Armenia,2020-03-01,2963811,19568,4625,14570,372
Armenia,2020-04-01,2963811,20335,4928,15019,386
Armenia,2020-05-01,2963811,23943,7258,16248,436
Armenia,2020-06-01,2963811,32073,10074,21579,592
Armenia,2020-07-01,2963811,37997,10447,27887,726
Australia,2020-01-01,25528864,8801,3632,5064,105
Australia,2020-02-01,25528864,8806,3635,5066,105
Australia,2020-03-01,25528864,10446,5180,5225,112
Australia,2020-04-01,25528864,11246,5570,7071,139
Australia,2020-05-01,25528864,11373,4031,7388,143
Australia,2020-06-01,25528864,11579,3922,7519,143
Australia,2020-07-01,25528864,14886,6373,8345,168
Austria,2020-01-01,9011577,10563,745,9460,358
Austria,2020-02-01,9011577,10568,749,9460,358
Austria,2020-03-01,9011577,15653,5223,10008,422
Austria,2020-04-01,9011577,18289,5412,15914,650
Austria,2020-05-01,9011577,18929,1661,17257,692
Austria,2020-06-01,9011577,19446,1045,17699,710
Austria,2020-07-01,9011577,20842,1544,18583,714
Azerbaijan,2020-01-01,10148243,15923,2568,13129,225
Azerbaijan,2020-02-01,10148243,15923,2568,13129,225
Azerbaijan,2020-03-01,10148243,16072,2702,13142,228
Azerbaijan,2020-04-01,10148243,16825,2992,13791,237
Azerbaijan,2020-05-01,10148243,18670,3570,14843,257
Azerbaijan,2020-06-01,10148243,24685,6366,17986,332
Azerbaijan,2020-07-01,10148243,31146,6894,24750,437
Bahamas,2020-01-01,393616,285,234,45,6
Bahamas,2020-02-01,393616,285,234,45,6
Bahamas,2020-03-01,393616,292,240,46,6
Bahamas,2020-04-01,393616,326,260,58,11
Bahamas,2020-05-01,393616,336,261,69,11
Bahamas,2020-06-01,393616,337,255,89,11
Bahamas,2020-07-01,393616,476,374,91,11
Bahrain,2020-01-01,1706669,20592,1504,19013,74
Bahrain,2020-02-01,1706669,20613,1525,19013,74
Bahrain,2020-03-01,1706669,20876,1638,19161,76
Bahrain,2020-04-01,1706669,22112,2270,19763,78
Bahrain,2020-05-01,1706669,26291,3979,22350,83
Bahrain,2020-06-01,1706669,33971,4368,29679,117
Bahrain,2020-07-01,1706669,40333,4191,37068,144
Bangladesh,2020-01-01,164851401,118969,50024,67376,1567
Bangladesh,2020-02-01,164851401,118969,50024,67376,1567
Bangladesh,2020-03-01,164851401,118994,50040,67389,1570
Bangladesh,2020-04-01,164851401,122802,53694,67456,1651
Bangladesh,2020-05-01,164851401,142545,68385,72267,1892
Bangladesh,2020-06-01,164851401,191710,92030,97188,2491
Bangladesh,2020-07-01,164851401,232081,98813,130218,3050
Barbados,2020-01-01,287411,60,8,48,3
Barbados,2020-02-01,287411,60,8,48,3
Barbados,2020-03-01,287411,77,25,48,3
Barbados,2020-04-01,287411,101,36,68,7
Barbados,2020-05-01,287411,106,26,86,7
Barbados,2020-06-01,287411,109,13,93,7
Barbados,2020-07-01,287411,115,13,95,7
Belarus,2020-01-01,9449001,33938,2597,31062,279
Belarus,2020-02-01,9449001,33939,2597,31062,279
Belarus,2020-03-01,9449001,34014,2657,31085,280
Belarus,2020-04-01,9449001,40952,8373,32255,324
Belarus,2020-05-01,9449001,55216,14500,40319,397
Belarus,2020-06-01,9449001,64997,15335,54089,475
Belarus,2020-07-01,9449001,67564,9833,61308,548
Belgium,2020-01-01,11594739,34396,20698,8778,4920
Belgium,2020-02-01,11594739,34397,20698,8778,4920
Belgium,2020-03-01,11594739,40784,25885,9626,5272
Belgium,2020-04-01,11594739,58656,35372,14566,8717
Belgium,2020-05-01,11594739,63587,37211,16721,9653
Belgium,2020-06-01,11594739,65110,38046,17270,9793
Belgium,2020-07-01,11594739,67610,40275,17504,9831
Belize,2020-01-01,398312,33,18,14,1
Belize,2020-02-01,398312,33,18,14,1
Belize,2020-03-01,398312,35,19,14,1
Belize,2020-04-01,398312,42,26,18,2
Belize,2020-05-01,398312,42,19,22,2
Belize,2020-06-01,398312,45,20,23,2
Belize,2020-07-01,398312,57,28,27,2
Benin,2020-01-01,12151976,926,249,659,18
Benin,2020-02-01,12151976,926,249,659,18
Benin,2020-03-01,12151976,931,253,659,18
Benin,2020-04-01,12151976,958,264,675,18
Benin,2020-05-01,12151976,1096,376,730,19
Benin,2020-06-01,12151976,1526,671,825,28
Benin,2020-07-01,12151976,1811,713,1177,35
Bhutan,2020-01-01,772443,51,6,44,0
Bhutan,2020-02-01,772443,51,6,44,0
Bhutan,2020-03-01,772443,53,8,44,0
Bhutan,2020-04-01,772443,54,8,47,0
Bhutan,2020-05-01,772443,72,24,47,0
Bhutan,2020-06-01,772443,89,30,68,0
Bhutan,2020-07-01,772443,100,19,87,0
Bolivia,2020-01-01,11688459,39401,25660,12212,1528
Bolivia,2020-02-01,11688459,39401,25660,12212,1528
Bolivia,2020-03-01,11688459,39454,25710,12212,1531
Bolivia,2020-04-01,11688459,39984,26146,12278,1559
Bolivia,2020-05-01,11688459,44392,30010,12696,1684
Bolivia,2020-06-01,11688459,56010,37038,16882,2089
Bolivia,2020-07-01,11688459,74991,49188,22951,2851
Bosnia and Herzegovina,2020-01-01,3278650,5973,2811,2993,169
Bosnia and Herzegovina,2020-02-01,3278650,5973,2811,2993,169
Bosnia and Herzegovina,2020-03-01,3278650,6183,3006,3001,176
Bosnia and Herzegovina,2020-04-01,3278650,6852,3291,3356,204
Bosnia and Herzegovina,2020-05-01,3278650,7228,3317,3924,246
Bosnia and Herzegovina,2020-06-01,3278650,8200,3743,4194,262
Bosnia and Herzegovina,2020-07-01,3278650,11222,5448,5458,316
Botswana,2020-01-01,2356075,385,353,31,1
Botswana,2020-02-01,2356075,385,353,31,1
Botswana,2020-03-01,2356075,387,354,31,1
Botswana,2020-04-01,2356075,397,364,34,1
Botswana,2020-05-01,2356075,403,360,41,1
Botswana,2020-06-01,2356075,499,452,45,1
Botswana,2020-07-01,2356075,755,690,63,2
Brazil,2020-01-01,212710692,1339984,319843,973575,46565
Brazil,2020-02-01,212710692,1339985,319844,973575,46565
Brazil,2020-03-01,212710692,1342842,322538,973638,46666
Brazil,2020-04-01,212710692,1383577,342466,991542,49568
Brazil,2020-05-01,212710692,1597408,459333,1076852,61222
Brazil,2020-06-01,212710692,2041004,596908,1367734,76362
Brazil,2020-07-01,212710692,2561171,611383,1896895,90374
Brunei,2020-01-01,0,47,0,46,1
Brunei,2020-02-01,0,47,0,46,1
Brunei,2020-03-01,0,133,72,76,1
Brunei,2020-04-01,0,139,52,128,1
Brunei,2020-05-01,0,141,8,138,2
Brunei,2020-06-01,0,141,0,138,3
Brunei,2020-07-01,0,141,0,138,3
Bulgaria,2020-01-01,6942854,5908,2473,3239,195
Bulgaria,2020-02-01,6942854,5908,2473,3239,195
Bulgaria,2020-03-01,6942854,6108,2660,3248,199
Bulgaria,2020-04-01,6942854,6661,3060,3372,228
Bulgaria,2020-05-01,6942854,7165,3230,3776,265
Bulgaria,2020-06-01,6942854,8403,3515,4577,310
Bulgaria,2020-07-01,6942854,11219,4839,6032,369
Burkina Faso,2020-01-01,20954852,564,66,471,26
Burkina Faso,2020-02-01,20954852,564,66,471,26
Burkina Faso,2020-03-01,20954852,695,173,487,33
Burkina Faso,2020-04-01,20954852,887,226,724,48
Burkina Faso,2020-05-01,20954852,988,133,831,53
Burkina Faso,2020-06-01,20954852,1045,120,890,53
Burkina Faso,2020-07-01,20954852,1114,126,934,53
Burundi,2020-01-01,11922216,193,41,151,0
Burundi,2020-02-01,11922216,193,41,151,0
Burundi,2020-03-01,11922216,194,42,151,0
Burundi,2020-04-01,11922216,198,44,153,1
Burundi,2020-05-01,11922216,224,56,167,1
Burundi,2020-06-01,11922216,278,68,208,1
Burundi,2020-07-01,11922216,382,101,301,1
Cabo Verde,2020-01-01,556581,1265,363,890,12
Cabo Verde,2020-02-01,556581,1265,363,890,12
Cabo Verde,2020-03-01,556581,1268,365,890,12
Cabo Verde,2020-04-01,556581,1326,421,892,12
Cabo Verde,2020-05-01,556581,1483,495,986,14
Cabo Verde,2020-06-01,556581,1879,654,1204,19
Cabo Verde,2020-07-01,556581,2429,903,1665,23
Cambodia,2020-01-01,16741375,117,28,89,0
Cambodia,2020-02-01,16741375,117,28,89,0
Cambodia,2020-03-01,16741375,171,72,100,0
Cambodia,2020-04-01,16741375,178,70,148,0
Cambodia,2020-05-01,16741375,179,29,150,0
Cambodia,2020-06-01,16741375,187,34,154,0
Cambodia,2020-07-01,16741375,230,69,162,0
Cameroon,2020-01-01,26606188,8707,1046,7464,195
Cameroon,2020-02-01,26606188,8707,1046,7464,195
Cameroon,2020-03-01,26606188,8803,1137,7467,198
Cameroon,2020-04-01,26606188,9623,1467,7931,226
Cameroon,2020-05-01,26606188,11659,2679,9248,291
Cameroon,2020-06-01,26606188,15003,3138,12514,352
Cameroon,2020-07-01,26606188,17262,2562,14734,391
Canada,2020-01-01,37775022,58756,28502,25776,4477
Canada,2020-02-01,37775022,58762,28508,25776,4477
Canada,2020-03-01,37775022,61923,31637,25776,4510
Canada,2020-04-01,37775022,79253,47707,25776,5769
Canada,2020-05-01,37775022,94635,61378,25776,7481
Canada,2020-06-01,37775022,99140,65348,25776,8015
Canada,2020-07-01,37775022,102551,68644,25776,8130
Central African Republic,2020-01-01,0,1533,998,515,19
Central African Republic,2020-02-01,0,1533,998,515,19
Central African Republic,2020-03-01,0,1535,1000,515,19
Central African Republic,2020-04-01,0,1566,1024,522,19
Central African Republic,2020-05-01,0,2207,1655,530,21
Central African Republic,2020-06-01,0,4029,2938,1040,51
Central African Republic,2020-07-01,0,4599,3061,1546,59
Chad,2020-01-01,16467965,466,16,412,37
Chad,2020-02-01,16467965,466,16,412,37
Chad,2020-03-01,16467965,469,19,412,37
Chad,2020-04-01,16467965,502,33,428,40
Chad,2020-05-01,16467965,855,216,657,70
Chad,2020-06-01,16467965,899,108,802,74
Chad,2020-07-01,16467965,927,34,817,75
Chile,2020-01-01,19132514,178648,8849,165030,4769
Chile,2020-02-01,19132514,178649,8850,165030,4769
Chile,2020-03-01,19132514,180070,10187,165108,4775
Chile,2020-04-01,19132514,187499,13296,169320,4882
Chile,2020-05-01,19132514,240423,48733,186394,5296
Chile,2020-06-01,19132514,318345,50329,285645,7613
Chile,2020-07-01,19132514,352610,24272,325007,9362
China,2020-01-01,0,34130,6032,26407,1691
China,2020-02-01,0,77492,37543,48576,3406
China,2020-03-01,0,78954,24086,72222,3717
China,2020-04-01,0,79622,2914,73418,4601
China,2020-05-01,0,79688,2277,73434,4602
China,2020-06-01,0,79901,2206,73512,4603
China,2020-07-01,0,80567,2595,73787,4608
Colombia,2020-01-01,50936262,153702,67644,80879,5179
Colombia,2020-02-01,50936262,153702,67644,80879,5179
Colombia,2020-03-01,50936262,154155,68074,80894,5187
Colombia,2020-04-01,50936262,156956,70032,81598,5325
Colombia,2020-05-01,50936262,168394,78350,84395,5648
Colombia,2020-06-01,50936262,202625,94890,100889,6846
Colombia,2020-07-01,50936262,282253,126226,146459,9567
Comoros,2020-01-01,871326,187,17,167,3
Comoros,2020-02-01,871326,187,17,167,3
Comoros,2020-03-01,871326,187,17,167,3
Comoros,2020-04-01,871326,188,17,167,3
Comoros,2020-05-01,871326,240,56,180,4
Comoros,2020-06-01,871326,339,69,267,7
Comoros,2020-07-01,871326,364,65,331,7
Costa Rica,2020-01-01,5098730,9227,6433,2715,78
Costa Rica,2020-02-01,5098730,9227,6433,2715,78
Costa Rica,2020-03-01,5098730,9401,6604,2717,79
Costa Rica,2020-04-01,5098730,9587,6715,2884,81
Costa Rica,2020-05-01,5098730,9755,6623,3050,83
Costa Rica,2020-06-01,5098730,10957,7437,3433,86
Costa Rica,2020-07-01,5098730,17148,12384,4627,136
Croatia,2020-01-01,4102577,2571,341,2156,73
Croatia,2020-02-01,4102577,2574,344,2156,73
Croatia,2020-03-01,4102577,3004,738,2189,76
Croatia,2020-04-01,4102577,3609,970,2830,108
Croatia,2020-05-01,4102577,3694,636,3192,125
Croatia,2020-06-01,4102577,3959,599,3233,127
Croatia,2020-07-01,4102577,5011,945,4124,143
Cuba,2020-01-01,11325899,1326,93,1190,43
Cuba,2020-02-01,11325899,1326,93,1190,43
Cuba,2020-03-01,11325899,1419,179,1194,46
Cuba,2020-04-01,11325899,2077,517,1530,74
Cuba,2020-05-01,11325899,2349,483,2094,85
Cuba,2020-06-01,11325899,2497,217,2297,86
Cuba,2020-07-01,11325899,2592,140,2365,87
Cyprus,2020-01-01,1208238,567,130,427,9
Cyprus,2020-02-01,1208238,567,130,427,9
Cyprus,2020-03-01,1208238,698,246,438,13
Cyprus,2020-04-01,1208238,992,476,575,17
Cyprus,2020-05-01,1208238,1039,416,822,18
Cyprus,2020-06-01,1208238,1066,210,843,19
Cyprus,2020-07-01,1208238,1097,225,853,19
Czech Republic,2020-01-01,10711019,8311,2184,5937,190
Czech Republic,2020-02-01,10711019,8311,2184,5937,190
Czech Republic,2020-03-01,10711019,9965,3800,5959,206
Czech Republic,2020-04-01,10711019,12152,4882,7594,308
Czech Republic,2020-05-01,10711019,12945,4246,9216,350
Czech Republic,2020-06-01,10711019,14288,4101,9822,365
Czech Republic,2020-07-01,10711019,16069,4829,11651,377
Democratic Republic of the Congo,2020-01-01,0,2948,978,1900,69
Democratic Republic of the Congo,2020-02-01,0,2948,978,1900,69
Democratic Republic of the Congo,2020-03-01,0,3013,1037,1901,74
Democratic Republic of the Congo,2020-04-01,0,3329,1290,1948,90
Democratic Republic of the Congo,2020-05-01,0,4994,2678,2198,117
Democratic Republic of the Congo,2020-06-01,0,7640,4793,2850,182
Democratic Republic of the Congo,2020-07-01,0,8844,4420,5700,208
Denmark,2020-01-01,5794279,7016,361,6348,307
Denmark,2020-02-01,5794279,7018,362,6348,307
Denmark,2020-03-01,5794279,8489,1769,6385,352
Denmark,2020-04-01,5794279,11642,2270,9667,533
Denmark,2020-05-01,5794279,12898,1423,11575,594
Denmark,2020-06-01,5794279,13447,716,12219,610
Denmark,2020-07-01,5794279,13843,626,12603,614
Djibouti,2020-01-01,989387,2597,59,2508,29
Djibouti,2020-02-01,989387,2597,59,2508,29
Djibouti,2020-03-01,989387,2612,74,2508,29
Djibouti,2020-04-01,989387,3141,475,2829,30
Djibouti,2020-05-01,989387,4274,1002,3260,41
Djibouti,2020-06-01,989387,4938,1254,4770,56
Djibouti,2020-07-01,989387,5126,173,4997,58
Dominica,2020-01-01,72004,9,0,9,0
Dominica,2020-02-01,72004,9,0,9,0
Dominica,2020-03-01,72004,15,6,9,0
Dominica,2020-04-01,72004,17,7,15,0
Dominica,2020-05-01,72004,17,1,17,0
Dominica,2020-06-01,72004,18,1,18,0
Dominica,2020-07-01,72004,18,0,18,0
Dominican Republic,2020-01-01,10858648,35173,16905,17685,582
Dominican Republic,2020-02-01,10858648,35173,16905,17685,582
Dominican Republic,2020-03-01,10858648,35727,17431,17688,607
Dominican Republic,2020-04-01,10858648,38659,19590,18336,732
Dominican Republic,2020-05-01,10858648,43815,20883,22965,833
Dominican Republic,2020-06-01,10858648,51457,24025,26475,955
Dominican Republic,2020-07-01,10858648,67251,33526,32787,1123
Ecuador,2020-01-01,17668824,42924,13518,26553,2852
Ecuador,2020-02-01,17668824,42924,13518,26553,2852
Ecuador,2020-03-01,17668824,44044,14574,26580,2889
Ecuador,2020-04-01,17668824,55391,24756,27332,3302
Ecuador,2020-05-01,17668824,62473,28562,36349,4531
Ecuador,2020-06-01,17668824,71140,25674,40350,5115
Ecuador,2020-07-01,17668824,83505,33885,44001,5618
Egypt,2020-01-01,102516525,46872,23537,20934,2400
Egypt,2020-02-01,102516525,46872,23537,20934,2400
Egypt,2020-03-01,102516525,47227,23790,21012,2423
Egypt,2020-04-01,102516525,49640,25419,21624,2596
Egypt,2020-05-01,102516525,59364,32531,23952,2880
Egypt,2020-06-01,102516525,81027,46986,30164,3877
Egypt,2020-07-01,102516525,93113,51152,38353,4726
El Salvador,2020-01-01,6489514,8540,4056,4253,230
El Salvador,2020-02-01,6489514,8540,4056,4253,230
El Salvador,2020-03-01,6489514,8556,4072,4253,230
El Salvador,2020-04-01,6489514,8737,4189,4313,235
El Salvador,2020-05-01,6489514,9798,4772,4773,253
El Salvador,2020-06-01,6489514,11759,5303,6138,317
El Salvador,2020-07-01,6489514,16057,7481,8142,434
Equatorial Guinea,2020-01-01,1407001,1973,1183,756,33
Equatorial Guinea,2020-02-01,1407001,1973,1183,756,33
Equatorial Guinea,2020-03-01,1407001,1979,1189,756,33
Equatorial Guinea,2020-04-01,1407001,2130,1336,760,34
Equatorial Guinea,2020-05-01,1407001,2626,1730,856,39
Equatorial Guinea,2020-06-01,1407001,2973,1910,1013,49
Equatorial Guinea,2020-07-01,1407001,3508,2272,1177,59
Eritrea,2020-01-01,3551175,136,32,104,0
Eritrea,2020-02-01,3551175,136,32,104,0
Eritrea,2020-03-01,3551175,144,40,104,0
Eritrea,2020-04-01,3551175,156,50,117,0
Eritrea,2020-05-01,3551175,156,39,123,0
Eritrea,2020-06-01,3551175,238,107,130,0
Eritrea,2020-07-01,3551175,269,112,199,0
Estonia,2020-01-01,1326627,1039,37,969,33
Estonia,2020-02-01,1326627,1040,37,969,33
Estonia,2020-03-01,1326627,1412,394,982,35
Estonia,2020-04-01,1326627,1884,731,1093,59
Estonia,2020-05-01,1326627,1974,734,1781,67
Estonia,2020-06-01,1326627,2034,136,1883,67
Estonia,2020-07-01,1326627,2056,79,1930,67
Ethiopia,2020-01-01,115223736,8861,4860,3853,148
Ethiopia,2020-02-01,115223736,8861,4860,3853,148
Ethiopia,2020-03-01,115223736,8874,4872,3855,148
Ethiopia,2020-04-01,115223736,8927,4907,3882,149
Ethiopia,2020-05-01,115223736,9447,5336,3957,153
Ethiopia,2020-06-01,115223736,11784,6684,5068,199
Ethiopia,2020-07-01,115223736,16135,8826,7046,262
Fiji,2020-01-01,897095,13,4,9,0
Fiji,2020-02-01,897095,13,4,9,0
Fiji,2020-03-01,897095,16,6,9,0
Fiji,2020-04-01,897095,22,12,15,0
Fiji,2020-05-01,897095,22,7,16,0
Fiji,2020-06-01,897095,22,5,18,0
Fiji,2020-07-01,897095,27,8,18,0
Finland,2020-01-01,5541604,3733,93,3475,165
Finland,2020-02-01,5541604,3734,93,3475,165
Finland,2020-03-01,5541604,4441,788,3480,173
Finland,2020-04-01,5541604,6230,1525,4975,270
Finland,2020-05-01,5541604,7162,1104,6225,325
Finland,2020-06-01,5541604,7339,637,6775,329
Finland,2020-07-01,5541604,7431,209,6935,329
France,2020-01-01,65288306,103998,47949,40918,15131
France,2020-02-01,65288306,104046,47990,40924,15132
France,2020-03-01,65288306,130235,67683,45657,16894
France,2020-04-01,65288306,188160,97068,65430,27312
France,2020-05-01,65288306,197711,94961,74567,29520
France,2020-06-01,65288306,203105,95125,77946,30033
France,2020-07-01,65288306,211250,101947,79323,30208
Gabon,2020-01-01,2230563,3744,1146,2572,25
Gabon,2020-02-01,2230563,3744,1146,2572,25
Gabon,2020-03-01,2230563,3752,1153,2572,25
Gabon,2020-04-01,2230563,3882,1249,2606,26
Gabon,2020-05-01,2230563,5071,2104,2933,33
Gabon,2020-06-01,2230563,6441,2612,3782,46
Gabon,2020-07-01,2230563,7338,2717,4913,49
Gambia,2020-01-01,2422754,315,258,50,6
Gambia,2020-02-01,2422754,315,258,50,6
Gambia,2020-03-01,2422754,317,260,50,6
Gambia,2020-04-01,2422754,320,262,54,6
Gambia,2020-05-01,2422754,327,264,60,6
Gambia,2020-06-01,2422754,339,268,64,7
Gambia,2020-07-01,2422754,478,384,83,10
Georgia,2020-01-01,3988368,585,100,477,8
Georgia,2020-02-01,3988368,586,100,477,8
Georgia,2020-03-01,3988368,640,144,487,8
Georgia,2020-04-01,3988368,855,274,569,11
Georgia,2020-05-01,3988368,977,283,779,14
Georgia,2020-06-01,3988368,1049,180,874,15
Georgia,2020-07-01,3988368,1154,199,938,16
Germany,2020-01-01,83811260,105583,4360,96628,4594
Germany,2020-02-01,83811260,105620,4389,96636,4594
Germany,2020-03-01,83811260,141484,31824,104678,4981
Germany,2020-04-01,83811260,187085,40789,158378,7905
Germany,2020-05-01,83811260,197285,19578,179304,8864
Germany,2020-06-01,83811260,203289,9061,185678,9089
Germany,2020-07-01,83811260,209136,8256,191785,9156
Ghana,2020-01-01,31133483,18316,1678,16546,91
Ghana,2020-02-01,31133483,18316,1678,16546,91
Ghana,2020-03-01,31133483,18397,1751,16561,94
Ghana,2020-04-01,31133483,19353,2601,16652,100
Ghana,2020-05-01,31133483,22351,4275,18019,109
Ghana,2020-06-01,31133483,27187,5971,23180,147
Ghana,2020-07-01,31133483,35128,4243,31446,175
Greece,2020-01-01,10417673,2337,1547,687,103
Greece,2020-02-01,10417673,2339,1549,687,103
Greece,2020-03-01,10417673,2994,2154,713,127
Greece,2020-04-01,10417673,3633,2477,1374,173
Greece,2020-05-01,10417673,3796,2231,1374,190
Greece,2020-06-01,10417673,4042,2469,1374,199
Greece,2020-07-01,10417673,4451,2873,1374,204
Greenland,2020-01-01,56780,7,0,6,0
Greenland,2020-02-01,56780,7,0,6,0
Greenland,2020-03-01,56780,12,4,7,0
Greenland,2020-04-01,56780,12,4,12,0
Greenland,2020-05-01,56780,13,1,12,0
Greenland,2020-06-01,56780,13,1,13,0
Greenland,2020-07-01,56780,14,0,13,0
Grenada,2020-01-01,112576,11,0,11,0
Grenada,2020-02-01,112576,11,0,11,0
Grenada,2020-03-01,112576,16,4,11,0
Grenada,2020-04-01,112576,21,7,18,0
Grenada,2020-05-01,112576,23,4,20,0
Grenada,2020-06-01,112576,23,2,23,0
Grenada,2020-07-01,112576,23,0,23,0
Guatemala,2020-01-01,17946899,24912,5310,18631,970
Guatemala,2020-02-01,17946899,24912,5310,18631,970
Guatemala,2020-03-01,17946899,24931,5323,18637,970
Guatemala,2020-04-01,17946899,25211,5569,18664,978
Guatemala,2020-05-01,17946899,27455,7432,18998,1024
Guatemala,2020-06-01,17946899,33960,12375,20228,1356
Guatemala,2020-07-01,17946899,47566,18999,34858,1850
Guinea,2020-01-01,13164905,3679,402,3253,23
Guinea,2020-02-01,13164905,3679,402,3253,23
Guinea,2020-03-01,13164905,3690,413,3253,23
Guinea,2020-04-01,13164905,4427,982,3418,27
Guinea,2020-05-01,13164905,5532,1229,4268,35
Guinea,2020-06-01,13164905,6375,1245,5416,40
Guinea,2020-07-01,13164905,7207,1056,6382,46
Guinea-Bissau,2020-01-01,1972277,996,546,436,13
Guinea-Bissau,2020-02-01,1972277,996,546,436,13
Guinea-Bissau,2020-03-01,1972277,1000,550,436,13
Guinea-Bissau,2020-04-01,1972277,1099,639,446,13
Guinea-Bissau,2020-05-01,1972277,1624,1149,457,17
Guinea-Bissau,2020-06-01,1972277,1823,1247,595,25
Guinea-Bissau,2020-07-01,1972277,1973,1203,838,26
Guyana,2020-01-01,786936,231,128,92,10
Guyana,2020-02-01,786936,231,128,92,10
Guyana,2020-03-01,786936,241,138,92,11
Guyana,2020-04-01,786936,272,155,103,15
Guyana,2020-05-01,786936,308,165,127,16
Guyana,2020-06-01,786936,354,188,149,16
Guyana,2020-07-01,786936,426,222,183,20
Haiti,2020-01-01,11416103,3721,1339,2299,82
Haiti,2020-02-01,11416103,3721,1339,2299,82
Haiti,2020-03-01,11416103,3728,1346,2299,82
Haiti,2020-04-01,11416103,3761,1372,2303,86
Haiti,2020-05-01,11416103,4783,2367,2313,104
Haiti,2020-06-01,11416103,6708,3889,2764,134
Haiti,2020-07-01,11416103,7391,3790,4481,161
Holy See,2020-01-01,0,4,0,4,0
Holy See,2020-02-01,0,4,0,4,0
Holy See,2020-03-01,0,8,4,4,0
Holy See,2020-04-01,0,11,6,5,0
Holy See,2020-05-01,0,12,6,5,0
Holy See,2020-06-01,0,12,6,12,0
Holy See,2020-07-01,0,12,0,12,0
Honduras,2020-01-01,9919704,21209,17773,2788,647
Honduras,2020-02-01,9919704,21209,17773,2788,647
Honduras,2020-03-01,9919704,21280,17839,2790,650
Honduras,2020-04-01,9919704,21595,18084,2828,682
Honduras,2020-05-01,9919704,23810,20000,3057,753
Honduras,2020-06-01,9919704,30988,26274,3818,895
Honduras,2020-07-01,9919704,41080,34541,5308,1230
Hungary,2020-01-01,9657785,2261,264,1698,299
Hungary,2020-02-01,9657785,2261,264,1698,299
Hungary,2020-03-01,9657785,2507,483,1716,307
Hungary,2020-04-01,9657785,3648,1209,1988,455
Hungary,2020-05-01,9657785,4199,1291,2771,562
Hungary,2020-06-01,9657785,4338,878,3044,591
Hungary,2020-07-01,9657785,4485,693,3362,597
Iceland,2020-01-01,341465,946,29,912,5
Iceland,2020-02-01,341465,946,29,912,5
Iceland,2020-03-01,341465,1513,496,1011,7
Iceland,2020-04-01,341465,1844,577,1747,10
Iceland,2020-05-01,341465,1849,78,1809,10
Iceland,2020-06-01,341465,1858,36,1812,10
Iceland,2020-07-01,341465,1873,40,1823,10
India,2020-01-01,1381344997,876371,275472,582137,18761
India,2020-02-01,1381344997,876372,275473,582139,18761
India,2020-03-01,1381344997,877069,276091,582199,18779
India,2020-04-01,1381344997,893802,287792,586671,19338
India,2020-05-01,1381344997,971675,322146,628063,21465
India,2020-06-01,1381344997,1169111,385556,756093,27461
India,2020-07-01,1381344997,1616407,523221,1057720,35465
Indonesia,2020-01-01,273808365,54764,18719,33454,2589
Indonesia,2020-02-01,273808365,54764,18719,33454,2589
Indonesia,2020-03-01,273808365,55528,19375,33495,2657
Indonesia,2020-04-01,273808365,59823,22621,34215,2985
Indonesia,2020-05-01,273808365,68000,27495,37108,3396
Indonesia,2020-06-01,273808365,82956,33071,45857,4027
Indonesia,2020-07-01,273808365,104915,37518,62541,5008
Iran,2020-01-01,84097623,153430,11807,133151,8472
Iran,2020-02-01,84097623,153727,12020,133213,8493
Iran,2020-03-01,84097623,175733,25332,140479,9921
Iran,2020-04-01,84097623,200750,29250,170703,11486
Iran,2020-05-01,84097623,229163,24217,192575,12370
Iran,2020-06-01,84097623,267261,27676,227530,13880
Iran,2020-07-01,84097623,300233,25690,260723,16428
Iraq,2020-01-01,40306025,63297,16350,44542,2404
Iraq,2020-02-01,40306025,63303,16356,44542,2404
Iraq,2020-03-01,40306025,63644,16587,44627,2429
Iraq,2020-04-01,40306025,64339,16692,45229,2451
Iraq,2020-05-01,40306025,66516,17889,46120,2507
Iraq,2020-06-01,40306025,87851,27612,56922,3376
Iraq,2020-07-01,40306025,119589,31841,83114,4633
Ireland,2020-01-01,4943200,13066,501,11682,883
Ireland,2020-02-01,4943200,13066,501,11682,883
Ireland,2020-03-01,4943200,14683,2080,11684,918
Ireland,2020-04-01,4943200,23372,7945,18375,1499
Ireland,2020-05-01,4943200,25561,4130,22726,1709
Ireland,2020-06-01,4943200,25802,1162,23364,1751
Ireland,2020-07-01,4943200,26012,883,23364,1765
Israel,2020-01-01,9197590,35886,15483,20140,262
Israel,2020-02-01,9197590,35889,15486,20140,262
Israel,2020-03-01,9197590,38565,18040,20252,272
Israel,2020-04-01,9197590,43859,20387,24420,373
Israel,2020-05-01,9197590,44421,18843,27546,405
Israel,2020-06-01,9197590,48508,19275,28810,422
Israel,2020-07-01,9197590,67878,33672,33706,499
Italy,2020-01-01,60452568,123873,6319,99979,17574
Italy,2020-02-01,60452568,124436,6845,100002,17589
Italy,2020-03-01,60452568,176768,45136,107843,23788
Italy,2020-04-01,60452568,226604,60447,137951,31558
Italy,2020-05-01,60452568,240371,56790,178732,34282
Italy,2020-06-01,60452568,244161,27002,195103,34958
Italy,2020-07-01,60452568,247015,13946,199275,35130
Ivory Coast,2020-01-01,26437950,8025,2264,5711,49
Ivory Coast,2020-02-01,26437950,8025,2264,5711,49
Ivory Coast,2020-03-01,26437950,8115,2350,5714,50
Ivory Coast,2020-04-01,26437950,8663,2608,5998,56
Ivory Coast,2020-05-01,26437950,9442,2955,6428,66
Ivory Coast,2020-06-01,26437950,12775,4878,7847,83
Ivory Coast,2020-07-01,26437950,15853,5349,10891,97
Jamaica,2020-01-01,2962478,452,82,364,5
Jamaica,2020-02-01,2962478,452,82,364,5
Jamaica,2020-03-01,2962478,470,99,365,6
Jamaica,2020-04-01,2962478,663,275,379,9
Jamaica,2020-05-01,2962478,745,294,520,10
Jamaica,2020-06-01,2962478,803,211,641,10
Jamaica,2020-07-01,2962478,879,157,721,10
Japan,2020-01-01,126435859,18358,5140,12712,506
Japan,2020-02-01,126435859,18473,5238,12727,509
Japan,2020-03-01,126435859,19478,6015,12923,539
Japan,2020-04-01,126435859,25493,10896,13941,746
Japan,2020-05-01,126435859,26726,10693,19882,955
Japan,2020-06-01,126435859,27658,5846,20940,992
Japan,2020-07-01,126435859,33922,9220,23696,1005
Jordan,2020-01-01,10213138,602,43,553,5
Jordan,2020-02-01,10213138,602,43,553,5
Jordan,2020-03-01,10213138,739,163,568,8
Jordan,2020-04-01,10213138,828,168,734,9
Jordan,2020-05-01,10213138,971,158,846,10
Jordan,2020-06-01,10213138,1168,191,994,10
Jordan,2020-07-01,10213138,1213,163,1073,11
Kazakhstan,2020-01-01,18798667,45147,13918,30818,410
Kazakhstan,2020-02-01,18798667,45147,13918,30818,410
Kazakhstan,2020-03-01,18798667,45319,14076,30830,412
Kazakhstan,2020-04-01,18798667,46848,15173,31251,423
Kazakhstan,2020-05-01,18798667,50576,16625,33520,430
Kazakhstan,2020-06-01,18798667,56301,18229,37597,504
Kazakhstan,2020-07-01,18798667,87471,31166,58020,703
Kenya,2020-01-01,53881160,10596,5856,4569,171
Kenya,2020-02-01,53881160,10596,5856,4569,171
Kenya,2020-03-01,53881160,10626,5884,4569,171
Kenya,2020-04-01,53881160,10794,5976,4641,179
Kenya,2020-05-01,53881160,11577,6566,4808,203
Kenya,2020-06-01,53881160,13779,7945,5588,245
Kenya,2020-07-01,53881160,19584,10784,8485,313
Kosovo,2020-01-01,0,2471,1067,1342,61
Kosovo,2020-02-01,0,2471,1067,1342,61
Kosovo,2020-03-01,0,2545,1137,1346,62
Kosovo,2020-04-01,0,3008,1451,1523,76
Kosovo,2020-05-01,0,3180,1409,1895,81
Kosovo,2020-06-01,0,4389,1900,2393,95
Kosovo,2020-07-01,0,7413,3201,4027,185
Kuwait,2020-01-01,4276658,33606,4212,29166,226
Kuwait,2020-02-01,4276658,33628,4235,29166,226
Kuwait,2020-03-01,4276658,33750,4320,29203,226
Kuwait,2020-04-01,4276658,35618,5442,29936,239
Kuwait,2020-05-01,4276658,47127,12128,34859,332
Kuwait,2020-06-01,4276658,56703,11534,47681,403
Kuwait,2020-07-01,4276658,65795,9204,56695,445
Kyrgyzstan,2020-01-01,6534479,17988,4475,12826,687
Kyrgyzstan,2020-02-01,6534479,17988,4475,12826,687
Kyrgyzstan,2020-03-01,6534479,18042,4527,12827,687
Kyrgyzstan,2020-04-01,6534479,18361,4683,13057,691
Kyrgyzstan,2020-05-01,6534479,18862,4772,13411,695
Kyrgyzstan,2020-06-01,6534479,20741,5976,14047,717
Kyrgyzstan,2020-07-01,6534479,34636,10976,23428,1337
Laos,2020-01-01,7285750,10,0,9,0
Laos,2020-02-01,7285750,10,0,9,0
Laos,2020-03-01,7285750,14,5,9,0
Laos,2020-04-01,7285750,19,10,13,0
Laos,2020-05-01,7285750,19,6,17,0
Laos,2020-06-01,7285750,19,2,19,0
Laos,2020-07-01,7285750,20,1,19,0
Latvia,2020-01-01,1883936,623,79,528,15
Latvia,2020-02-01,1883936,623,79,528,15
Latvia,2020-03-01,1883936,822,277,529,15
Latvia,2020-04-01,1883936,1052,402,702,23
Latvia,2020-05-01,1883936,1156,345,901,27
Latvia,2020-06-01,1883936,1182,227,1015,30
Latvia,2020-07-01,1883936,1233,150,1051,31
Lebanon,2020-01-01,6822220,2388,1437,920,30
Lebanon,2020-02-01,6822220,2390,1439,920,30
Lebanon,2020-03-01,6822220,2623,1648,939,36
Lebanon,2020-04-01,6822220,2751,1718,995,42
Lebanon,2020-05-01,6822220,2998,1779,1276,43
Lebanon,2020-06-01,6822220,3277,1718,1512,47
Lebanon,2020-07-01,6822220,4329,2498,1775,55
Lesotho,2020-01-01,2143943,311,227,75,8
Lesotho,2020-02-01,2143943,311,227,75,8
Lesotho,2020-03-01,2143943,311,227,75,8
Lesotho,2020-04-01,2143943,311,227,75,8
Lesotho,2020-05-01,2143943,312,228,76,8
Lesotho,2020-06-01,2143943,325,238,77,8
Lesotho,2020-07-01,2143943,564,409,139,14
Liberia,2020-01-01,5068618,597,222,337,37
Liberia,2020-02-01,5068618,597,222,337,37
Liberia,2020-03-01,5068618,599,224,337,37
Liberia,2020-04-01,5068618,668,266,360,45
Liberia,2020-05-01,5068618,741,275,416,51
Liberia,2020-06-01,5068618,987,440,499,55
Liberia,2020-07-01,5068618,1181,501,660,73
Libya,2020-01-01,6880353,1926,1576,307,42
Libya,2020-02-01,6880353,1926,1576,307,42
Libya,2020-03-01,6880353,1931,1581,307,42
Libya,2020-04-01,6880353,1957,1598,316,44
Libya,2020-05-01,6880353,2004,1626,333,45
Libya,2020-06-01,6880353,2338,1872,411,54
Libya,2020-07-01,6880353,3340,2669,595,74
Liechtenstein,2020-01-01,38139,43,1,41,0
Liechtenstein,2020-02-01,38139,43,1,41,0
Liechtenstein,2020-03-01,38139,77,24,63,0
Liechtenstein,2020-04-01,38139,84,14,81,1
Liechtenstein,2020-05-01,38139,84,2,82,1
Liechtenstein,2020-06-01,38139,84,1,82,1
Liechtenstein,2020-07-01,38139,86,3,83,1
Lithuania,2020-01-01,2718121,1047,188,819,40
Lithuania,2020-02-01,2718121,1048,188,819,40
Lithuania,2020-03-01,2718121,1316,449,822,44
Lithuania,2020-04-01,2718121,1772,711,1113,62
Lithuania,2020-05-01,2718121,1885,568,1437,75
Lithuania,2020-06-01,2718121,1956,374,1576,79
Lithuania,2020-07-01,2718121,2057,347,1629,80
Luxembourg,2020-01-01,626952,3348,647,2643,57
Luxembourg,2020-02-01,626952,3349,647,2643,57
Luxembourg,2020-03-01,626952,4437,1684,2683,69
Luxembourg,2020-04-01,626952,5240,2082,4250,102
Luxembourg,2020-05-01,626952,5357,895,4560,112
Luxembourg,2020-06-01,626952,5498,742,4642,112
Luxembourg,2020-07-01,626952,6509,1403,5056,113
Madagascar,2020-01-01,27755708,5554,1395,4102,56
Madagascar,2020-02-01,27755708,5554,1395,4102,56
Madagascar,2020-03-01,27755708,5582,1424,4102,56
Madagascar,2020-04-01,27755708,5618,1441,4148,56
Madagascar,2020-05-01,27755708,5939,1694,4186,59
Madagascar,2020-06-01,27755708,6661,1995,4599,66
Madagascar,2020-07-01,27755708,10399,3211,7232,101
Malawi,2020-01-01,19174839,2038,1034,945,59
Malawi,2020-02-01,19174839,2038,1034,945,59
Malawi,2020-03-01,19174839,2038,1034,945,59
Malawi,2020-04-01,19174839,2057,1048,949,60
Malawi,2020-05-01,19174839,2180,1153,966,61
Malawi,2020-06-01,19174839,2650,1509,1075,66
Malawi,2020-07-01,19174839,3870,2030,1768,108
Malaysia,2020-01-01,32406372,4489,98,4328,62
Malaysia,2020-02-01,32406372,4498,103,4337,62
Malaysia,2020-03-01,32406372,5868,1187,4597,83
Malaysia,2020-04-01,32406372,7486,1392,6414,113
Malaysia,2020-05-01,32406372,8395,984,7505,119
Malaysia,2020-06-01,32406372,8805,881,8505,122
Malaysia,2020-07-01,32406372,8937,184,8629,124
Maldives,2020-01-01,541448,2012,685,1318,8
Maldives,2020-02-01,541448,2012,685,1318,8
Maldives,2020-03-01,541448,2021,692,1324,8
Maldives,2020-04-01,541448,2246,910,1326,9
Maldives,2020-05-01,541448,2898,1380,1544,11
Maldives,2020-06-01,541448,3192,1353,2290,13
Maldives,2020-07-01,541448,3696,1089,2591,16
Mali,2020-01-01,20302901,1266,237,966,62
Mali,2020-02-01,20302901,1266,237,966,62
Mali,2020-03-01,20302901,1280,250,966,63
Mali,2020-04-01,20302901,1511,402,1034,75
Mali,2020-05-01,20302901,1898,479,1324,100
Mali,2020-06-01,20302901,2356,555,1703,120
Mali,2020-07-01,20302901,2522,579,1923,124
Malta,2020-01-01,441663,411,73,333,4
Malta,2020-02-01,441663,411,73,333,4
Malta,2020-03-01,441663,496,157,334,4
Malta,2020-04-01,441663,644,249,509,6
Malta,2020-05-01,441663,720,138,600,9
Malta,2020-06-01,441663,746,110,653,9
Malta,2020-07-01,441663,762,87,666,9
Mauritania,2020-01-01,4660728,3163,598,2486,78
Mauritania,2020-02-01,4660728,3163,598,2486,78
Mauritania,2020-03-01,4660728,3166,601,2487,78
Mauritania,2020-04-01,4660728,3167,600,2489,78
Mauritania,2020-05-01,4660728,3428,838,2499,89
Mauritania,2020-06-01,4660728,5344,1904,3297,142
Mauritania,2020-07-01,4660728,6267,2082,4812,156
Mauritius,2020-01-01,1271985,172,0,166,5
Mauritius,2020-02-01,1271985,172,0,166,5
Mauritius,2020-03-01,1271985,243,69,166,7
Mauritius,2020-04-01,1271985,339,143,321,10
Mauritius,2020-05-01,1271985,339,5,327,10
Mauritius,2020-06-01,1271985,342,3,329,10
Mauritius,2020-07-01,1271985,344,3,332,10
Mexico,2020-01-01,129066160,214544,37745,153164,23634
Mexico,2020-02-01,129066160,214546,37747,153164,23634
Mexico,2020-03-01,129066160,215152,38321,153182,23649
Mexico,2020-04-01,129066160,224156,42257,158876,24564
Mexico,2020-05-01,129066160,259876,46226,185050,28599
Mexico,2020-06-01,129066160,327589,50638,240433,37519
Mexico,2020-07-01,129066160,412289,64531,305069,45645
Moldova,2020-01-01,4032983,12445,3344,8707,394
Moldova,2020-02-01,4032983,12445,3344,8707,394
Moldova,2020-03-01,4032983,12622,3509,8716,396
Moldova,2020-04-01,4032983,14394,4643,9298,452
Moldova,2020-05-01,4032983,16571,5149,10998,541
Moldova,2020-06-01,4032983,20752,6687,13398,666
Moldova,2020-07-01,4032983,24022,6734,16784,768
Monaco,2020-01-01,39270,60,6,52,2
Monaco,2020-02-01,39270,60,6,52,2
Monaco,2020-03-01,39270,86,30,53,2
Monaco,2020-04-01,39270,107,49,84,4
Monaco,2020-05-01,39270,109,15,97,4
Monaco,2020-06-01,39270,111,8,99,4
Monaco,2020-07-01,39270,118,12,104,4
Mongolia,2020-01-01,3283344,145,25,120,0
Mongolia,2020-02-01,3283344,145,25,120,0
Mongolia,2020-03-01,3283344,151,31,121,0
Mongolia,2020-04-01,3283344,164,39,125,0
Mongolia,2020-05-01,3283344,235,93,142,0
Mongolia,2020-06-01,3283344,255,95,208,0
Mongolia,2020-07-01,3283344,290,63,231,0
Montenegro,2020-01-01,628074,1593,820,746,26
Montenegro,2020-02-01,628074,1593,820,746,26
Montenegro,2020-03-01,628074,1647,873,746,27
Montenegro,2020-04-01,628074,1754,953,853,29
Montenegro,2020-05-01,628074,1755,861,904,30
Montenegro,2020-06-01,628074,1867,930,904,32
Montenegro,2020-07-01,628074,3039,1840,1151,48
Morocco,2020-01-01,36953359,12632,3165,9276,191
Morocco,2020-02-01,36953359,12632,3165,9276,191
Morocco,2020-03-01,36953359,12941,3443,9288,209
Morocco,2020-04-01,36953359,14844,4820,9768,276
Morocco,2020-05-01,36953359,16536,4825,12006,293
Morocco,2020-06-01,36953359,18899,4857,13736,305
Morocco,2020-07-01,36953359,23076,5295,17553,349
Mozambique,2020-01-01,31333962,955,750,198,6
Mozambique,2020-02-01,31333962,955,750,198,6
Mozambique,2020-03-01,31333962,959,754,198,6
Mozambique,2020-04-01,31333962,993,788,198,6
Mozambique,2020-05-01,31333962,1082,876,198,7
Mozambique,2020-06-01,31333962,1399,1191,198,9
Mozambique,2020-07-01,31333962,1805,1595,198,12
Myanmar,2020-01-01,54446389,176,23,150,3
Myanmar,2020-02-01,54446389,176,23,150,3
Myanmar,2020-03-01,54446389,184,30,150,3
Myanmar,2020-04-01,54446389,252,89,163,6
Myanmar,2020-05-01,54446389,288,80,219,6
Myanmar,2020-06-01,54446389,326,70,261,6
Myanmar,2020-07-01,54446389,351,61,296,6
Namibia,2020-01-01,2545264,1123,952,166,5
Namibia,2020-02-01,2545264,1123,952,166,5
Namibia,2020-03-01,2545264,1129,956,167,5
Namibia,2020-04-01,2545264,1131,958,170,5
Namibia,2020-05-01,2545264,1135,957,173,5
Namibia,2020-06-01,2545264,1226,1042,178,5
Namibia,2020-07-01,2545264,2045,1819,216,9
Nepal,2020-01-01,29186486,10126,2812,7285,28
Nepal,2020-02-01,29186486,10126,2812,7286,28
Nepal,2020-03-01,29186486,10128,2813,7286,28
Nepal,2020-04-01,29186486,10154,2832,7293,28
Nepal,2020-05-01,29186486,10911,3483,7395,32
Nepal,2020-06-01,29186486,16907,7982,8882,42
Nepal,2020-07-01,29186486,19501,7491,14162,52
Netherlands,2020-01-01,17138756,27598,11766,47,3078
Netherlands,2020-02-01,17138756,27601,11769,47,3078
Netherlands,2020-03-01,17138756,33914,17561,48,3598
Netherlands,2020-04-01,17138756,47304,29039,98,5479
Netherlands,2020-05-01,17138756,50869,32010,114,6061
Netherlands,2020-06-01,17138756,52786,33847,116,6139
Netherlands,2020-07-01,17138756,54239,35284,120,6153
New Zealand,2020-01-01,5002100,781,11,759,11
New Zealand,2020-02-01,5002100,782,11,759,11
New Zealand,2020-03-01,5002100,1105,297,796,11
New Zealand,2020-04-01,5002100,1521,475,1385,20
New Zealand,2020-05-01,5002100,1533,112,1500,22
New Zealand,2020-06-01,5002100,1545,22,1501,22
New Zealand,2020-07-01,5002100,1560,24,1516,22
Nicaragua,2020-01-01,6632263,1835,426,1351,57
Nicaragua,2020-02-01,6632263,1835,426,1351,57
Nicaragua,2020-03-01,6632263,1837,428,1351,58
Nicaragua,2020-04-01,6632263,1842,429,1354,59
Nicaragua,2020-05-01,6632263,2214,603,1536,75
Nicaragua,2020-06-01,6632263,3094,1025,1970,99
Nicaragua,2020-07-01,6632263,3554,1025,2597,111
Niger,2020-01-01,24281433,571,15,521,34
Niger,2020-02-01,24281433,571,15,521,34
Niger,2020-03-01,24281433,584,27,521,36
Niger,2020-04-01,24281433,930,271,747,50
Niger,2020-05-01,24281433,1050,124,940,66
Niger,2020-06-01,24281433,1108,52,992,68
Niger,2020-07-01,24281433,1139,48,1034,69
Nigeria,2020-01-01,206606300,21606,8500,12658,447
Nigeria,2020-02-01,206606300,21606,8500,12658,447
Nigeria,2020-03-01,206606300,21673,8562,12662,448
Nigeria,2020-04-01,206606300,22572,9277,12817,476
Nigeria,2020-05-01,206606300,26687,11934,14161,591
Nigeria,2020-06-01,206606300,34453,16179,17531,742
Nigeria,2020-07-01,206606300,42196,19650,21759,877
North Macedonia,2020-01-01,2083365,5403,1896,3261,245
North Macedonia,2020-02-01,2083365,5403,1896,3261,245
North Macedonia,2020-03-01,2083365,5567,2050,3267,250
North Macedonia,2020-04-01,2083365,6135,2384,3630,284
North Macedonia,2020-05-01,2083365,6516,2199,4037,312
North Macedonia,2020-06-01,2083365,8570,3674,4498,396
North Macedonia,2020-07-01,2083365,10509,3995,6043,478
Norway,2020-01-01,5425471,4650,120,4402,127
Norway,2020-02-01,5425471,4657,127,4402,127
Norway,2020-03-01,5425471,6970,2414,4408,147
Norway,2020-04-01,5425471,8519,3868,4418,232
Norway,2020-05-01,5425471,8870,4141,8265,245
Norway,2020-06-01,5425471,9089,376,8471,252
Norway,2020-07-01,5425471,9216,453,8778,255
Oman,2020-01-01,5118446,39442,7237,31984,221
Oman,2020-02-01,5118446,39445,7239,31985,221
Oman,2020-03-01,5118446,39538,7315,32001,221
Oman,2020-04-01,5118446,40616,8187,32232,226
Oman,2020-05-01,5118446,45161,11590,33325,245
Oman,2020-06-01,5118446,59477,15630,43697,309
Oman,2020-07-01,5118446,77971,18875,60498,417
Pakistan,2020-01-01,221295851,139038,11797,124271,2969
Pakistan,2020-02-01,221295851,139040,11799,124271,2969
Pakistan,2020-03-01,221295851,140097,12796,124318,2982
Pakistan,2020-04-01,221295851,148095,18288,126628,3177
Pakistan,2020-05-01,221295851,175268,34214,137312,3740
Pakistan,2020-06-01,221295851,245773,65934,174672,5166
Pakistan,2020-07-01,221295851,276182,66118,244784,5890
Panama,2020-01-01,4321282,33215,12305,20186,724
Panama,2020-02-01,4321282,33215,12305,20186,724
Panama,2020-03-01,4321282,33805,12876,20190,739
Panama,2020-04-01,4321282,36481,15189,20474,818
Panama,2020-05-01,4321282,39946,15781,24943,892
Panama,2020-06-01,4321282,49990,20892,28058,1039
Panama,2020-07-01,4321282,63936,24822,37729,1385
Papua New Guinea,2020-01-01,8963009,56,39,16,0
Papua New Guinea,2020-02-01,8963009,56,39,16,0
Papua New Guinea,2020-03-01,8963009,56,40,16,0
Papua New Guinea,2020-04-01,8963009,60,43,16,0
Papua New Guinea,2020-05-01,8963009,60,43,20,0
Papua New Guinea,2020-06-01,8963009,61,41,20,0
Papua New Guinea,2020-07-01,8963009,87,65,21,1
Paraguay,2020-01-01,7141091,2730,733,1969,27
Paraguay,2020-02-01,7141091,2730,733,1969,27
Paraguay,2020-03-01,7141091,2763,764,1970,28
Paraguay,2020-04-01,7141091,2863,814,2026,32
Paraguay,2020-05-01,7141091,3223,1027,2208,32
Paraguay,2020-06-01,7141091,3841,1291,2514,35
Paraguay,2020-07-01,7141091,5004,1712,3422,48
Peru,2020-01-01,33016319,211281,55850,145721,9710
Peru,2020-02-01,33016319,211281,55850,145721,9710
Peru,2020-03-01,33016319,211814,56286,145918,9725
Peru,2020-04-01,33016319,229769,68610,150923,10236
Peru,2020-05-01,33016319,293519,102231,179325,11963
Peru,2020-06-01,33016319,353888,110158,232988,14549
Peru,2020-07-01,33016319,406140,106118,281994,18919
Philippines,2020-01-01,109722719,50375,26031,23320,1023
Philippines,2020-02-01,109722719,50376,26031,23321,1024
Philippines,2020-03-01,109722719,51417,27004,23345,1067
Philippines,2020-04-01,109722719,54619,29469,23842,1307
Philippines,2020-05-01,109722719,59418,32640,25275,1502
Philippines,2020-06-01,109722719,69132,39038,28437,1656
Philippines,2020-07-01,109722719,91395,52855,36543,1996
Poland,2020-01-01,37842302,23229,5242,17124,862
Poland,2020-02-01,37842302,23229,5242,17124,862
Poland,2020-03-01,37842302,24384,6377,17131,879
Poland,2020-04-01,37842302,29667,9740,18742,1184
Poland,2020-05-01,37842302,35122,10989,22760,1394
Poland,2020-06-01,37842302,40425,12489,27765,1594
Poland,2020-07-01,37842302,44930,10995,33552,1700
Portugal,2020-01-01,10193593,25590,6420,18303,865
Portugal,2020-02-01,10193593,25590,6420,18303,865
Portugal,2020-03-01,10193593,29311,10040,18325,945
Portugal,2020-04-01,10193593,38112,17689,19063,1360
Portugal,2020-05-01,10193593,41840,18453,28008,1570
Portugal,2020-06-01,10193593,46660,12990,32056,1653
Portugal,2020-07-01,10193593,50739,13466,35991,1725
Qatar,2020-01-01,2807805,55422,1546,53789,85
Qatar,2020-02-01,2807805,55422,1547,53789,85
Qatar,2020-03-01,2807805,55812,1905,53820,86
Qatar,2020-04-01,2807805,62126,7560,54475,90
Qatar,2020-05-01,2807805,83877,19363,68934,104
Qatar,2020-06-01,2807805,103466,14024,94571,142
Qatar,2020-07-01,2807805,110220,8008,106953,168
Republic of the Congo,2020-01-01,0,1066,772,276,18
Republic of the Congo,2020-02-01,0,1066,772,276,18
Republic of the Congo,2020-03-01,0,1079,785,276,18
Republic of the Congo,2020-04-01,0,1213,900,289,24
Republic of the Congo,2020-05-01,0,1474,1047,395,31
Republic of the Congo,2020-06-01,0,1791,1168,580,42
Republic of the Congo,2020-07-01,0,3200,2317,829,54
Romania,2020-01-01,19224023,25949,11059,13696,1193
Romania,2020-02-01,19224023,25950,11061,13696,1193
Romania,2020-03-01,19224023,27071,12031,13806,1234
Romania,2020-04-01,19224023,32069,14917,15705,1551
Romania,2020-05-01,19224023,35577,14830,20324,1826
Romania,2020-06-01,19224023,39434,14194,23221,2018
Romania,2020-07-01,19224023,48900,20010,26593,2296
Russia,2020-01-01,145940924,422144,95508,319651,6985
Russia,2020-02-01,145940924,422144,95508,319652,6985
Russia,2020-03-01,145940924,423312,96606,319712,6993
Russia,2020-04-01,145940924,475392,142410,325461,7521
Russia,2020-05-01,145940924,625065,211005,405593,9331
Russia,2020-06-01,145940924,745608,218198,525638,11638
Russia,2020-07-01,145940924,830483,207008,620776,13652
Rwanda,2020-01-01,12981546,997,436,558,2
Rwanda,2020-02-01,12981546,997,436,558,2
Rwanda,2020-03-01,12981546,1035,474,558,2
Rwanda,2020-04-01,12981546,1119,506,610,2
Rwanda,2020-05-01,12981546,1182,508,686,3
Rwanda,2020-06-01,12981546,1510,724,781,3
Rwanda,2020-07-01,12981546,1937,886,1045,5
Saint Kitts and Nevis,2020-01-01,53237,8,0,7,0
Saint Kitts and Nevis,2020-02-01,53237,8,0,7,0
Saint Kitts and Nevis,2020-03-01,53237,12,4,7,0
Saint Kitts and Nevis,2020-04-01,53237,16,8,10,0
Saint Kitts and Nevis,2020-05-01,53237,16,4,15,0
Saint Kitts and Nevis,2020-06-01,53237,16,0,15,0
Saint Kitts and Nevis,2020-07-01,53237,17,1,15,0
Saint Lucia,2020-01-01,183712,12,0,11,0
Saint Lucia,2020-02-01,183712,12,0,11,0
Saint Lucia,2020-03-01,183712,18,6,12,0
Saint Lucia,2020-04-01,183712,20,7,19,0
Saint Lucia,2020-05-01,183712,21,2,20,0
Saint Lucia,2020-06-01,183712,21,1,21,0
Saint Lucia,2020-07-01,183712,24,2,22,0
Saint Vincent and the Grenadines,2020-01-01,0,17,4,13,0
Saint Vincent and the Grenadines,2020-02-01,0,17,4,13,0
Saint Vincent and the Grenadines,2020-03-01,0,18,5,13,0
Saint Vincent and the Grenadines,2020-04-01,0,28,11,18,0
Saint Vincent and the Grenadines,2020-05-01,0,34,12,23,0
Saint Vincent and the Grenadines,2020-06-01,0,36,11,32,0
Saint Vincent and the Grenadines,2020-07-01,0,52,18,39,0
San Marino,2020-01-01,33938,349,0,328,21
San Marino,2020-02-01,33938,350,0,328,21
San Marino,2020-03-01,33938,467,99,335,34
San Marino,2020-04-01,33938,634,226,367,41
San Marino,2020-05-01,33938,685,237,507,42
San Marino,2020-06-01,33938,698,135,656,42
San Marino,2020-07-01,33938,699,0,657,42
Sao Tome and Principe,2020-01-01,219544,435,45,382,7
Sao Tome and Principe,2020-02-01,219544,435,45,382,7
Sao Tome and Principe,2020-03-01,219544,435,45,382,7
Sao Tome and Principe,2020-04-01,219544,442,50,384,7
Sao Tome and Principe,2020-05-01,219544,677,247,416,13
Sao Tome and Principe,2020-06-01,219544,792,289,500,13
Sao Tome and Principe,2020-07-01,219544,868,270,749,14
Saudi Arabia,2020-01-01,34865919,138290,19330,117506,1453
Saudi Arabia,2020-02-01,34865919,138290,19330,117506,1453
Saudi Arabia,2020-03-01,34865919,139071,20024,117588,1458
Saudi Arabia,2020-04-01,34865919,149666,29044,119087,1534
Saudi Arabia,2020-05-01,34865919,180920,33694,148727,1705
Saudi Arabia,2020-06-01,34865919,233701,48534,182889,2278
Saudi Arabia,2020-07-01,34865919,272757,50843,228974,2833
Senegal,2020-01-01,16783877,5119,1621,3394,104
Senegal,2020-02-01,16783877,5119,1621,3394,104
Senegal,2020-03-01,16783877,5207,1688,3414,104
Senegal,2020-04-01,16783877,5586,1916,3561,108
Senegal,2020-05-01,16783877,6942,2522,4295,125
Senegal,2020-06-01,16783877,8516,2746,5610,160
Senegal,2020-07-01,16783877,10001,3167,6633,201
Serbia,2020-01-01,8733665,12868,9065,3511,291
Serbia,2020-02-01,8733665,12868,9065,3511,291
Serbia,2020-03-01,8733665,13318,9507,3519,299
Serbia,2020-04-01,8733665,17372,12809,4183,380
Serbia,2020-05-01,8733665,18574,12958,6860,412
Serbia,2020-06-01,8733665,20150,11310,9842,429
Serbia,2020-07-01,8733665,24938,20864,11293,562
Seychelles,2020-01-01,98408,60,19,40,0
Seychelles,2020-02-01,98408,60,19,40,0
Seychelles,2020-03-01,98408,65,24,40,0
Seychelles,2020-04-01,98408,65,24,43,0
Seychelles,2020-05-01,98408,65,21,46,0
Seychelles,2020-06-01,98408,100,54,46,0
Seychelles,2020-07-01,98408,117,63,60,0
Sierra Leone,2020-01-01,7992169,915,195,686,33
Sierra Leone,2020-02-01,7992169,915,195,686,33
Sierra Leone,2020-03-01,7992169,915,196,686,33
Sierra Leone,2020-04-01,7992169,977,243,696,36
Sierra Leone,2020-05-01,7992169,1345,415,913,56
Sierra Leone,2020-06-01,7992169,1646,452,1173,63
Sierra Leone,2020-07-01,7992169,1806,421,1344,66
Singapore,2020-01-01,5854932,26354,2910,23430,13
Singapore,2020-02-01,5854932,26399,2932,23466,13
Singapore,2020-03-01,5854932,26811,3245,23550,15
Singapore,2020-04-01,5854932,34432,10359,24052,21
Singapore,2020-05-01,5854932,43790,13303,34280,25
Singapore,2020-06-01,5854932,48301,9403,42680,26
Singapore,2020-07-01,5854932,51767,5463,46276,27
Slovakia,2020-01-01,5459915,1165,291,860,14
Slovakia,2020-02-01,5459915,1165,291,860,14
Slovakia,2020-03-01,5459915,1346,471,863,14
Slovakia,2020-04-01,5459915,1863,802,1122,25
Slovakia,2020-05-01,5459915,1925,702,1543,28
Slovakia,2020-06-01,5459915,1998,378,1592,28
Slovakia,2020-07-01,5459915,2255,578,1668,28
Slovenia,2020-01-01,2078968,1077,106,910,60
Slovenia,2020-02-01,2078968,1077,106,910,60
Slovenia,2020-03-01,2078968,1478,495,915,67
Slovenia,2020-04-01,2078968,1792,659,1027,105
Slovenia,2020-05-01,2078968,1814,661,1589,114
Slovenia,2020-06-01,2078968,1877,159,1602,115
Slovenia,2020-07-01,2078968,2121,250,1777,118
Somalia,2020-01-01,15933012,1605,741,817,46
Somalia,2020-02-01,15933012,1605,741,817,46
Somalia,2020-03-01,15933012,1608,743,818,46
Somalia,2020-04-01,15933012,1906,1012,833,60
Somalia,2020-05-01,15933012,2593,1516,991,85
Somalia,2020-06-01,15933012,3067,1718,1272,91
Somalia,2020-07-01,15933012,3203,1693,1589,93
South Africa,2020-01-01,59381566,247678,77950,165560,4167
South Africa,2020-02-01,59381566,247678,77950,165560,4167
South Africa,2020-03-01,59381566,248354,78608,165575,4170
South Africa,2020-04-01,59381566,250501,79685,166596,4219
South Africa,2020-05-01,59381566,264019,85545,173964,4509
South Africa,2020-06-01,59381566,323282,115454,202331,5496
South Africa,2020-07-01,59381566,473942,164745,303022,7701
South Korea,2020-01-01,0,4741,306,4335,100
South Korea,2020-02-01,0,6834,2370,4353,110
South Korea,2020-03-01,0,11258,5350,7941,208
South Korea,2020-04-01,0,11917,3068,10383,265
South Korea,2020-05-01,0,12403,1236,11283,280
South Korea,2020-06-01,0,13301,1181,12077,288
South Korea,2020-07-01,0,14203,968,13007,300
South Sudan,2020-01-01,11206572,1188,578,587,23
South Sudan,2020-02-01,11206572,1188,578,587,23
South Sudan,2020-03-01,11206572,1188,578,587,23
South Sudan,2020-04-01,11206572,1206,595,587,23
South Sudan,2020-05-01,11206572,1685,1067,590,28
South Sudan,2020-06-01,11206572,2192,1441,727,42
South Sudan,2020-07-01,11206572,2341,1465,1175,46
Spain,2020-01-01,46756648,156737,23403,37594,14233
Spain,2020-02-01,46756648,156760,23424,37595,14233
Spain,2020-03-01,46756648,204699,57503,47223,18465
Spain,2020-04-01,46756648,263455,74211,93619,26504
Spain,2020-05-01,46756648,276477,62714,112782,28609
Spain,2020-06-01,46756648,281373,58673,112782,28410
Spain,2020-07-01,46756648,292948,70209,112782,28449
Sri Lanka,2020-01-01,21422362,1411,240,1165,5
Sri Lanka,2020-02-01,21422362,1411,240,1166,5
Sri Lanka,2020-03-01,21422362,1482,302,1174,6
Sri Lanka,2020-04-01,21422362,1742,493,1242,9
Sri Lanka,2020-05-01,21422362,2227,654,1566,10
Sri Lanka,2020-06-01,21422362,2434,713,2021,11
Sri Lanka,2020-07-01,21422362,2813,579,2226,11
Sudan,2020-01-01,43943536,5801,2397,3033,370
Sudan,2020-02-01,43943536,5801,2397,3033,370
Sudan,2020-03-01,43943536,5804,2399,3033,371
Sudan,2020-04-01,43943536,6022,2583,3052,386
Sudan,2020-05-01,43943536,8314,4133,3744,513
Sudan,2020-06-01,43943536,10429,4764,5040,656
Sudan,2020-07-01,43943536,11513,4786,6002,730
Suriname,2020-01-01,587154,894,288,592,13
Suriname,2020-02-01,587154,894,288,592,13
Suriname,2020-03-01,587154,899,293,592,13
Suriname,2020-04-01,587154,899,293,596,13
Suriname,2020-05-01,587154,906,295,597,13
Suriname,2020-06-01,587154,1152,428,706,19
Suriname,2020-07-01,587154,1636,555,1055,25
Swaziland,2020-01-01,1161348,1321,673,625,22
Swaziland,2020-02-01,1161348,1321,673,625,22
Swaziland,2020-03-01,1161348,1325,678,625,22
Swaziland,2020-04-01,1161348,1371,717,631,22
Swaziland,2020-05-01,1161348,1463,750,719,23
Swaziland,2020-06-01,1161348,1727,875,829,27
Swaziland,2020-07-01,1161348,2479,1302,1137,39
Sweden,2020-01-01,10105596,40341,18424,0,2866
Sweden,2020-02-01,10105596,40346,18429,0,2866
Sweden,2020-03-01,10105596,42558,20551,0,2956
Sweden,2020-04-01,10105596,50886,27676,0,4159
Sweden,2020-05-01,10105596,59111,34997,0,5064
Sweden,2020-06-01,10105596,74566,49982,0,5533
Sweden,2020-07-01,10105596,80038,55271,0,5716
Switzerland,2020-01-01,8660952,17646,1030,15625,990
Switzerland,2020-02-01,8660952,17655,1039,15625,990
Switzerland,2020-03-01,8660952,25948,8205,16536,1207
Switzerland,2020-04-01,8660952,32439,8187,27325,1859
Switzerland,2020-05-01,8660952,33077,3056,29875,1950
Switzerland,2020-06-01,8660952,33503,1325,30225,1972
Switzerland,2020-07-01,8660952,34884,1943,31075,1979
Syria,2020-01-01,17539600,418,318,77,22
Syria,2020-02-01,17539600,418,318,77,22
Syria,2020-03-01,17539600,423,322,77,23
Syria,2020-04-01,17539600,439,338,77,23
Syria,2020-05-01,17539600,479,377,77,24
Syria,2020-06-01,17539600,557,453,77,26
Syria,2020-07-01,17539600,755,635,77,42
Taiwan,2020-01-01,23821199,239,15,220,3
Taiwan,2020-02-01,23821199,254,25,225,4
Taiwan,2020-03-01,23821199,395,149,240,6
Taiwan,2020-04-01,23821199,449,167,381,6
Taiwan,2020-05-01,23821199,455,61,432,7
Taiwan,2020-06-01,23821199,458,15,439,7
Taiwan,2020-07-01,23821199,465,18,440,7
Tajikistan,2020-01-01,9557468,3725,576,3117,30
Tajikistan,2020-02-01,9557468,3725,576,3117,30
Tajikistan,2020-03-01,9557468,3725,576,3117,30
Tajikistan,2020-04-01,9557468,3732,584,3117,30
Tajikistan,2020-05-01,9557468,5690,1524,4119,54
Tajikistan,2020-06-01,9557468,6675,1515,5370,56
Tajikistan,2020-07-01,9557468,7342,1239,6131,60
Tanzania,2020-01-01,59886383,254,152,91,10
Tanzania,2020-02-01,59886383,254,152,91,10
Tanzania,2020-03-01,59886383,264,161,92,11
Tanzania,2020-04-01,59886383,494,301,175,18
Tanzania,2020-05-01,59886383,509,305,183,21
Tanzania,2020-06-01,59886383,509,305,183,21
Tanzania,2020-07-01,59886383,509,305,183,21
Thailand,2020-01-01,69817894,1666,70,1567,29
Thailand,2020-02-01,69817894,1677,74,1578,29
Thailand,2020-03-01,69817894,2482,712,1735,34
Thailand,2020-04-01,69817894,3133,788,2906,56
Thailand,2020-05-01,69817894,3197,159,3046,57
Thailand,2020-06-01,69817894,3242,108,3092,58
Thailand,2020-07-01,69817894,3305,127,3120,58
Timor-Leste,2020-01-01,1320812,12,6,6,0
Timor-Leste,2020-02-01,1320812,12,6,6,0
Timor-Leste,2020-03-01,1320812,12,6,6,0
Timor-Leste,2020-04-01,1320812,24,18,6,0
Timor-Leste,2020-05-01,1320812,24,18,6,0
Timor-Leste,2020-06-01,1320812,24,18,6,0
Timor-Leste,2020-07-01,1320812,24,18,6,0
Togo,2020-01-01,8296582,471,135,326,10
Togo,2020-02-01,8296582,471,135,326,10
Togo,2020-03-01,8296582,488,149,331,10
Togo,2020-04-01,8296582,529,159,358,14
Togo,2020-05-01,8296582,692,250,431,16
Togo,2020-06-01,8296582,796,257,527,17
Togo,2020-07-01,8296582,908,261,629,19
Trinidad and Tobago,2020-01-01,1399950,89,19,65,4
Trinidad and Tobago,2020-02-01,1399950,89,19,65,4
Trinidad and Tobago,2020-03-01,1399950,133,61,66,5
Trinidad and Tobago,2020-04-01,1399950,147,69,101,8
Trinidad and Tobago,2020-05-01,1399950,148,32,119,8
Trinidad and Tobago,2020-06-01,1399950,154,24,122,8
Trinidad and Tobago,2020-07-01,1399950,163,25,129,8
Tunisia,2020-01-01,11830801,774,149,599,25
Tunisia,2020-02-01,11830801,774,149,599,25
Tunisia,2020-03-01,11830801,971,340,601,30
Tunisia,2020-04-01,11830801,1271,548,752,45
Tunisia,2020-05-01,11830801,1312,471,1079,49
Tunisia,2020-06-01,11830801,1361,196,1115,50
Tunisia,2020-07-01,11830801,1501,279,1178,50
Turkey,2020-01-01,84428331,116071,5460,107753,2857
Turkey,2020-02-01,84428331,116071,5460,107753,2857
Turkey,2020-03-01,84428331,122836,11997,107875,2964
Turkey,2020-04-01,84428331,176173,45864,132196,4444
Turkey,2020-05-01,84428331,198042,38123,171740,5127
Turkey,2020-06-01,84428331,216024,21089,194309,5422
Turkey,2020-07-01,84428331,229580,15723,212988,5672
Uganda,2020-01-01,45867852,587,64,522,1
Uganda,2020-02-01,45867852,587,64,522,1
Uganda,2020-03-01,45867852,609,86,522,1
Uganda,2020-04-01,45867852,629,90,548,1
Uganda,2020-05-01,45867852,796,236,558,1
Uganda,2020-06-01,45867852,1032,337,931,1
Uganda,2020-07-01,45867852,1151,134,1057,2
Ukraine,2020-01-01,43705858,35976,15180,19931,863
Ukraine,2020-02-01,43705858,35976,15180,19931,863
Ukraine,2020-03-01,43705858,36298,15489,19936,872
Ukraine,2020-04-01,43705858,41179,19634,20550,994
Ukraine,2020-05-01,43705858,47812,21893,24700,1217
Ukraine,2020-06-01,43705858,58603,27325,29827,1450
Ukraine,2020-07-01,43705858,69524,29309,38532,1681
United Arab Emirates,2020-01-01,0,19728,2110,17503,115
United Arab Emirates,2020-02-01,0,19739,2118,17506,115
United Arab Emirates,2020-03-01,0,20168,2505,17544,119
United Arab Emirates,2020-04-01,0,28046,8738,19122,185
United Arab Emirates,2020-05-01,0,42763,13014,29458,291
United Arab Emirates,2020-06-01,0,52170,13556,42547,325
United Arab Emirates,2020-07-01,0,59177,9456,52510,345
United Kingdom,2020-01-01,67922029,152461,63607,359,23064
United Kingdom,2020-02-01,67922029,152491,63633,363,23064
United Kingdom,2020-03-01,67922029,171785,81639,437,24278
United Kingdom,2020-04-01,67922029,241539,139058,670,36476
United Kingdom,2020-05-01,67922029,280881,172204,788,42589
United Kingdom,2020-06-01,67922029,294692,183609,833,44950
United Kingdom,2020-07-01,67922029,302915,190801,851,45965
United States,2020-01-01,331198130,1864490,1277291,975618,62163
United States,2020-02-01,331198130,1864498,1277295,975621,62163
United States,2020-03-01,331198130,1948601,1365335,979130,64930
United States,2020-04-01,331198130,2327050,1707466,1052591,91672
United States,2020-05-01,331198130,2624797,1906275,1197997,108763
United States,2020-06-01,331198130,2962089,2171463,1335933,117755
United States,2020-07-01,331198130,3625401,2685509,1638520,126067
Uruguay,2020-01-01,3474956,630,104,507,18
Uruguay,2020-02-01,3474956,630,104,507,18
Uruguay,2020-03-01,3474956,799,264,528,18
Uruguay,2020-04-01,3474956,951,255,716,26
Uruguay,2020-05-01,3474956,1041,202,850,29
Uruguay,2020-06-01,3474956,1098,161,919,31
Uruguay,2020-07-01,3474956,1231,212,983,35
Uzbekistan,2020-01-01,33516027,12381,4565,7741,74
Uzbekistan,2020-02-01,33516027,12381,4565,7741,74
Uzbekistan,2020-03-01,33516027,12467,4647,7744,75
Uzbekistan,2020-04-01,33516027,13400,5246,8307,78
Uzbekistan,2020-05-01,33516027,14192,4998,9159,81
Uzbekistan,2020-06-01,33516027,16632,5963,10582,87
Uzbekistan,2020-07-01,33516027,22985,9272,13578,134
Venezuela,2020-01-01,28427499,9571,3960,5526,85
Venezuela,2020-02-01,28427499,9571,3960,5526,85
Venezuela,2020-03-01,28427499,9639,4006,5545,86
Venezuela,2020-04-01,28427499,9738,4050,5597,93
Venezuela,2020-05-01,28427499,10326,4557,5677,92
Venezuela,2020-06-01,28427499,12487,6026,6350,110
Venezuela,2020-07-01,28427499,17565,7863,10505,158
Vietnam,2020-01-01,97425470,295,103,189,2
Vietnam,2020-02-01,97425470,302,109,197,2
Vietnam,2020-03-01,97425470,400,184,218,2
Vietnam,2020-04-01,97425470,429,181,301,2
Vietnam,2020-05-01,97425470,458,133,328,2
Vietnam,2020-06-01,97425470,472,120,356,2
Vietnam,2020-07-01,97425470,510,135,371,2
West Bank and Gaza,2020-01-01,0,3540,2263,1250,26
West Bank and Gaza,2020-02-01,0,3540,2263,1250,26
West Bank and Gaza,2020-03-01,0,3619,2330,1262,26
West Bank and Gaza,2020-04-01,0,3769,2444,1306,27
West Bank and Gaza,2020-05-01,0,3839,2447,1498,28
West Bank and Gaza,2020-06-01,0,5159,3576,1551,31
West Bank and Gaza,2020-07-01,0,10621,7185,3752,78
Western Sahara,2020-01-01,598682,5,0,4,0
Western Sahara,2020-02-01,598682,5,0,4,0
Western Sahara,2020-03-01,598682,5,0,4,0
Western Sahara,2020-04-01,598682,8,3,6,0
Western Sahara,2020-05-01,598682,9,2,7,1
Western Sahara,2020-06-01,598682,10,1,8,1
Western Sahara,2020-07-01,598682,10,1,8,1
Yemen,2020-01-01,29886897,864,184,432,247
Yemen,2020-02-01,29886897,864,184,432,247
Yemen,2020-03-01,29886897,864,184,432,247
Yemen,2020-04-01,29886897,867,186,433,248
Yemen,2020-05-01,29886897,1026,298,439,287
Yemen,2020-06-01,29886897,1443,474,676,403
Yemen,2020-07-01,29886897,1710,413,849,489
Zambia,2020-01-01,18430129,2929,694,2150,84
Zambia,2020-02-01,18430129,2929,694,2150,84
Zambia,2020-03-01,18430129,2946,711,2150,84
Zambia,2020-04-01,18430129,2982,719,2177,86
Zambia,2020-05-01,18430129,3457,1008,2539,88
Zambia,2020-06-01,18430129,3726,833,2814,96
Zambia,2020-07-01,18430129,5205,1812,3557,154
Zimbabwe,2020-01-01,14883803,1760,1279,451,30
Zimbabwe,2020-02-01,14883803,1760,1279,451,30
Zimbabwe,2020-03-01,14883803,1764,1282,451,30
Zimbabwe,2020-04-01,14883803,1780,1294,454,32
Zimbabwe,2020-05-01,14883803,1849,1351,466,32
Zimbabwe,2020-06-01,14883803,2056,1506,532,33
Zimbabwe,2020-07-01,14883803,3112,2342,722,48
